"Rank","Domain","Keywords in SERPs","Estimated organic traffic"
"1","youtube.com","378784582","15740178897.125374"
"2","facebook.com","289460140","9656095439.713945"
"3","wikipedia.org","259012294","35922514924.735405"
"4","instagram.com","172009713","8346639261.415041"
"5","google.com","161849289","13634553362.247513"
"6","reddit.com","154029433","1967249540.2253802"
"7","tiktok.com","147383526","1071042175.7019564"
"8","pinterest.com","141280341","4430933819.980004"
"9","linkedin.com","123238305","2069075440.3874555"
"10","quora.com","113324039","1406132353.5165608"
"11","twitter.com","111736792","2936814701.292333"
"12","amazon.com","109660445","4387548225.618312"
"13","apple.com","66569647","3422075436.3180175"
"14","wordpress.com","65866336","241233704.0601794"
"15","fandom.com","59768471","1806065881.7783713"
"16","etsy.com","56782680","519711285.08341646"
"17","yahoo.com","55124163","1940759621.136491"
"18","nih.gov","48077077","1599364991.934989"
"19","indeed.com","47584931","1064302873.4118555"
"20","ebay.com","47406540","367700432.11960554"
"21","medium.com","46277215","257029688.5565801"
"22","yelp.com","46100374","2014978310.1625896"
"23","imdb.com","43011179","4538282907.350471"
"24","walmart.com","42607088","1097229951.855165"
"25","nytimes.com","39280461","705957521.3963976"
"26","shutterstock.com","34994353","462228183.3883819"
"27","tripadvisor.com","34139099","3205038062.6025634"
"28","britannica.com","33907884","2542674347.3596406"
"29","forbes.com","31053838","1001653857.729894"
"30","microsoft.com","30735178","1127600372.9830747"
"31","researchgate.net","30434569","92584892.50695515"
"32","theguardian.com","30327347","447587348.6566098"
"33","aliexpress.com","28657040","113624192.83254245"
"34","sciencedirect.com","27763603","340064552.3672784"
"35","cambridge.org","27407180","3203752956.382136"
"36","stackexchange.com","27053861","175078006.56710723"
"37","bbc.com","26952434","732209149.5053706"
"38","wikihow.com","25680647","500831780.1528434"
"39","indiatimes.com","25268450","1597074832.5357733"
"40","dailymotion.com","24698946","166801360.62686905"
"41","alamy.com","24401410","110729642.40987194"
"42","mapquest.com","24277332","254063891.3234253"
"43","usatoday.com","23817155","551555130.6475676"
"44","cnn.com","23264763","505795052.03461623"
"45","foursquare.com","23020739","113691272.7548641"
"46","collinsdictionary.com","22862990","1471595080.312721"
"47","wiktionary.org","22671317","989375558.7787595"
"48","scribd.com","21914906","116724743.49505457"
"49","spotify.com","21909674","317091983.6681039"
"50","healthline.com","21708370","1315599353.2384229"
"51","reverso.net","21464074","886783159.9797217"
"52","merriam-webster.com","20989368","3339964020.6198683"
"53","booking.com","20932420","1393284158.627429"
"54","flickr.com","20711859","58768491.04222942"
"55","wikiwand.com","20209341","102293214.30033502"
"56","soundcloud.com","20150678","191192355.01827228"
"57","study.com","19803409","345314769.6824178"
"58","target.com","19745162","593884685.6191312"
"59","webmd.com","19651012","1224103361.3494263"
"60","istockphoto.com","19238826","498578929.4871236"
"61","github.com","18847606","241337382.53252816"
"62","adobe.com","18707375","716215612.762686"
"63","trip.com","18370415","180575792.6955702"
"64","yellowpages.com","18366906","117063185.55965686"
"65","mayoclinic.org","18100966","1779143883.863457"
"66","cbsnews.com","17982512","204919453.85036883"
"67","dictionary.com","17508571","1434436620.064187"
"68","businessinsider.com","17497511","413668960.9130653"
"69","screenrant.com","16548739","224502976.8309918"
"70","bab.la","16308816","310819473.0307239"
"71","goodreads.com","16280512","260499842.38460946"
"72","medicalnewstoday.com","16059240","640683262.0471457"
"73","amazon.co.uk","15870221","548645876.6284974"
"74","bbc.co.uk","15611613","541546199.0837976"
"75","jstor.org","15538730","59453660.76969293"
"76","clevelandclinic.org","15485356","1269903994.595875"
"77","cnet.com","15447130","222158843.75846246"
"78","dailymail.co.uk","15430673","256923988.87922058"
"79","wordreference.com","15160742","340850470.2671392"
"80","byjus.com","15000482","1311877187.0564942"
"81","usnews.com","14739610","458795018.6833198"
"82","springer.com","14633621","58632594.215851344"
"83","ign.com","14550755","167974127.76597458"
"84","reuters.com","14298104","190675950.31422168"
"85","independent.co.uk","14277217","225434714.21585482"
"86","deviantart.com","14237712","59426811.889430515"
"87","redbubble.com","14215247","52793569.196209446"
"88","yahoo.co.jp","14119474","806539317.6774185"
"89","slideshare.net","13749865","65382012.7811303"
"90","washingtonpost.com","13745505","125675969.86002912"
"91","stackoverflow.com","13619217","130684380.73431534"
"92","europa.eu","13555602","198427448.4917618"
"93","genius.com","13471409","507280437.2550149"
"94","sportskeeda.com","13314464","230537652.90289563"
"95","goodhousekeeping.com","13144461","576465690.3021029"
"96","thefreedictionary.com","13131350","168952093.45137078"
"97","dreamstime.com","13087199","91047577.92637503"
"98","homedepot.com","12988837","1086041585.5450659"
"99","waze.com","12962999","98269698.62975663"
"100","flipkart.com","12950061","623386100.7187269"
"101","rottentomatoes.com","12883194","841460807.1533"
"102","tumblr.com","12879403","230148143.3032389"
"103","freepik.com","12787598","347468404.82762504"
"104","ebay.co.uk","12659317","105114199.82050145"
"105","harvard.edu","12608086","240281215.38298497"
"106","hotels.com","12399921","1275319951.7908025"
"107","amazon.de","12384885","385720743.85990626"
"108","cdc.gov","12373425","633659474.2344365"
"109","insider.com","12159187","116231743.42194796"
"110","moovitapp.com","12068376","74720704.68409929"
"111","investopedia.com","12064750","666958585.3517746"
"112","npr.org","12043768","130909492.0902139"
"113","vocabulary.com","11997817","578456609.4374608"
"114","hindustantimes.com","11884673","833498871.7521251"
"115","amazon.in","11844135","1025947340.4970117"
"116","wiley.com","11803146","39209426.645785786"
"117","ca.gov","11620037","272084243.27871823"
"118","yourdictionary.com","11567956","307619396.2148886"
"119","time.com","11544644","180489810.40089262"
"120","cosmopolitan.com","11525759","216872277.11663955"
"121","www.nhs.uk","11521156","580222891.8735955"
"122","people.com","11416869","323578755.8321861"
"123","netflix.com","11354678","608429815.1781646"
"124","alibaba.com","11352825","43385896.93696863"
"125","nature.com","11345075","90368250.07909052"
"126","google.co.in","11292593","623983984.9349648"
"127","wikimedia.org","11290665","40225738.69102971"
"128","gettyimages.com","11229059","115688552.88810815"
"129","steamcommunity.com","11204553","56319819.27936956"
"130","gamespot.com","11077599","58022188.65851037"
"131","weebly.com","11066294","57970847.00698012"
"132","issuu.com","11004998","24726310.171893984"
"133","cnbc.com","10880491","396559522.51971817"
"134","latimes.com","10879505","130824165.1933928"
"135","restaurantguru.com","10843348","88439715.9496145"
"136","temu.com","10744052","37649500.68836371"
"137","nbcnews.com","10709617","160774434.16081792"
"138","oup.com","10532997","38805413.88781288"
"139","business.site","10483404","332267512.75662625"
"140","indiamart.com","10451758","217029652.61364454"
"141","verywellhealth.com","10397620","230650483.6498639"
"142","go.com","10384684","285746943.2374082"
"143","google.co.uk","10364216","134733545.62278497"
"144","zoominfo.com","10241717","41250981.39986918"
"145","quizlet.com","10241601","39461028.017627604"
"146","medlineplus.gov","10147887","541376699.2969925"
"147","toppr.com","9844067","189308148.2910122"
"148","glassdoor.com","9824458","71194005.58463018"
"149","agoda.com","9781606","209526839.612054"
"150","bloomberg.com","9780568","256170631.68701434"
"151","msn.com","9744667","136292812.94508472"
"152","as.com","9710717","255739394.3277483"
"153","academia.edu","9516286","27447337.90389449"
"154","justdial.com","9479319","400566496.3312455"
"155","bestbuy.com","9322657","350612056.7607348"
"156","gamerant.com","9237849","112311403.9831815"
"157","today.com","9233110","176526983.7183174"
"158","elpais.com","9201127","166413526.60060123"
"159","rome2rio.com","9182276","66474589.166074075"
"160","tvtropes.org","9173154","67328110.78646229"
"161","thesaurus.com","9158228","637464453.5532812"
"162","expedia.com","9028492","777488350.7109692"
"163","vimeo.com","8991864","29737449.206571497"
"164","espn.com","8942404","1960851011.6764352"
"165","chegg.com","8914329","28630976.04448161"
"166","wattpad.com","8912805","65006510.92536382"
"167","company-information.service.gov.uk","8902964","118135342.00113155"
"168","nypost.com","8820403","116276303.61170271"
"169","studocu.com","8804837","35958657.31006401"
"170","ziprecruiter.com","8801815","145502501.84315658"
"171","google.ca","8794519","97060514.523935"
"172","cbc.ca","8790847","92986756.4973999"
"173","geeksforgeeks.org","8766279","281213362.94419473"
"174","bandcamp.com","8728896","53802747.912342146"
"175","www.gov.uk","8672677","293741672.7080598"
"176","variety.com","8649232","119189151.74410887"
"177","telegraph.co.uk","8576658","93317352.56538686"
"178","tvguide.com","8519876","250251233.90504658"
"179","last.fm","8436660","75155662.69258484"
"180","digitaltrends.com","8434064","132284397.16186792"
"181","timeout.com","8420587","255271576.42284888"
"182","apnews.com","8412396","161700638.92470053"
"183","lefigaro.fr","8396619","124754813.13259043"
"184","amazon.fr","8392610","228157899.72946286"
"185","indianexpress.com","8372400","282252906.77564186"
"186","pbs.org","8368023","111345486.35530934"
"187","bbb.org","8366661","112479012.30988437"
"188","oxfordlearnersdictionaries.com","8245994","205846954.4445582"
"189","rakuten.co.jp","8148419","645320864.9485162"
"190","google.de","8093203","113426079.87135118"
"191","wsj.com","8089216","156150683.19326413"
"192","infobae.com","8088636","101432476.77604727"
"193","pixabay.com","8043522","277537938.2841449"
"194","cbr.com","8005958","80746279.71623485"
"195","msdmanuals.com","7996027","188526212.09691626"
"196","canva.com","7981400","376478194.4615996"
"197","zillow.com","7963521","320402504.2723231"
"198","marca.com","7884020","290969851.81026864"
"199","buzzfeed.com","7862696","75185455.77807057"
"200","uol.com.br","7853631","643989121.679801"
"201","lowes.com","7820471","344466953.6519178"
"202","themoviedb.org","7791085","167667811.62552917"
"203","steampowered.com","7784960","283227317.9895974"
"204","discogs.com","7766473","44859614.03155889"
"205","ew.com","7738615","123499106.36929849"
"206","biomedcentral.com","7677927","44139266.26957753"
"207","ameblo.jp","7675231","82262171.59575282"
"208","globo.com","7649296","838275075.5262586"
"209","craigslist.org","7642801","109478851.37013966"
"210","testbook.com","7638198","159494120.72767878"
"211","thoughtco.com","7594346","101668453.46140127"
"212","wikidata.org","7591157","35514059.56679425"
"213","ikea.com","7582889","317395495.3146698"
"214","barnesandnoble.com","7560083","113773938.20418815"
"215","lavanguardia.com","7558554","116536524.99484691"
"216","urbandictionary.com","7501844","161839444.9156279"
"217","parade.com","7475420","395845373.22045434"
"218","khanacademy.org","7468183","240052611.00374192"
"219","wordhippo.com","7417217","147953335.40387136"
"220","theverge.com","7415372","106111132.6954512"
"221","amazon.ca","7369910","175772145.6837644"
"222","sagepub.com","7350117","23398814.004083015"
"223","crunchbase.com","7336520","101274068.01931232"
"224","amazon.co.jp","7295612","420716868.535719"
"225","mirror.co.uk","7264519","83163546.95656203"
"226","pcmag.com","7256747","189455315.51250097"
"227","collider.com","7249919","127052699.81946175"
"228","hopkinsmedicine.org","7233526","366735384.9469477"
"229","thesun.co.uk","7220599","79176933.82406636"
"230","makeuseof.com","7207579","74325827.2285673"
"231","metacritic.com","7182993","84379123.25898546"
"232","hollywoodreporter.com","7182180","67300976.35031472"
"233","justanswer.com","7163182","18488344.418078806"
"234","trustpilot.com","7159681","218738922.42864415"
"235","si.com","7115651","197647511.7842706"
"236","frontiersin.org","7113086","47368306.47793418"
"237","canada.ca","7105673","160660001.41671762"
"238","deezer.com","7102471","44330705.0844845"
"239","ubereats.com","7076937","277370769.40027875"
"240","cornell.edu","7064824","109896012.43910044"
"241","ny.gov","7036904","160842942.95555094"
"242","tandfonline.com","7018998","20919420.66872325"
"243","realtor.com","6995714","196857570.072464"
"244","naver.com","6993702","154066248.30533537"
"245","rollingstone.com","6977550","93925295.79632293"
"246","elle.com","6970597","137872067.23113608"
"247","mit.edu","6948019","87203901.75451693"
"248","wired.com","6945495","94699820.14283063"
"249","glosbe.com","6930922","74727432.25766875"
"250","apkpure.com","6930323","97376878.21650082"
"251","costco.com","6919630","219414653.38843352"
"252","ouest-france.fr","6908929","161444906.6234146"
"253","indiatoday.in","6894052","282090988.71938217"
"254","ndtv.com","6888061","465940255.4429668"
"255","samsung.com","6877982","183498919.08394104"
"256","kayak.com","6832297","424906849.12705845"
"257","who.int","6811379","165048683.17729485"
"258","statista.com","6801831","97807851.31189582"
"259","coursehero.com","6800004","17975313.278427657"
"260","techradar.com","6796163","87809533.98084554"
"261","line.me","6794569","84066617.47216868"
"262","123rf.com","6781497","29395665.782228693"
"263","allrecipes.com","6738576","551968848.3097402"
"264","archive.org","6724282","66286743.86708549"
"265","timesofindia.com","6675850","232959787.35397914"
"266","lifewire.com","6674394","117196992.18174756"
"267","usda.gov","6672895","129071634.73476097"
"268","womenshealthmag.com","6655387","93769062.04870762"
"269","thehindu.com","6649815","260930585.54744184"
"270","depositphotos.com","6638929","44617774.04207595"
"271","mapcarta.com","6581827","16236325.781899238"
"272","medicinenet.com","6581132","71772892.73229314"
"273","kleinanzeigen.de","6570399","58221178.20021009"
"274","aminoapps.com","6561869","29589343.187737033"
"275","menshealth.com","6523047","102888596.45612895"
"276","popsugar.com","6521233","52782471.90977532"
"277","huffpost.com","6502096","50582121.95323333"
"278","nextdoor.com","6497630","22962758.27966837"
"279","tenor.com","6497397","96014307.51099856"
"280","ft.com","6479106","116445965.60437569"
"281","ldoceonline.com","6473865","84426971.24400948"
"282","brainly.in","6470451","61343572.88857922"
"283","abebooks.com","6466144","19274246.657414295"
"284","tripadvisor.co.uk","6435766","372206905.29701316"
"285","vecteezy.com","6428172","54810907.97827489"
"286","thegamer.com","6413328","58348991.74848832"
"287","news18.com","6383642","198879072.30677336"
"288","pons.com","6382915","350523008.06229204"
"289","academic-accelerator.com","6362520","23001368.234557606"
"290","mdpi.com","6354254","24800445.242426574"
"291","kidshealth.org","6346184","157358750.32997707"
"292","libretexts.org","6339423","118445763.8751728"
"293","groupon.com","6338072","292726761.86760116"
"294","mundodeportivo.com","6318678","121410431.88221738"
"295","pinterest.es","6314607","165774268.85331932"
"296","un.org","6309599","111313231.62102929"
"297","ebay.ca","6304617","20621423.824573576"
"298","texas.gov","6303080","107338060.6876243"
"299","stanford.edu","6300491","81953823.96788146"
"300","vedantu.com","6294867","190718355.1614766"
"301","esquire.com","6282241","105317080.98945267"
"302","india.com","6225097","332577309.84895813"
"303","vulture.com","6221318","78427790.43795867"
"304","billboard.com","6182911","74121618.71380979"
"305","prezi.com","6167571","16414008.927972414"
"306","ralitores.com","6158869","6380366.642212518"
"307","everydayhealth.com","6127254","87499973.56960599"
"308","salary.com","6123086","29322628.682032958"
"309","shabdkosh.com","6102199","443343594.13295555"
"310","theconversation.com","6083999","38151077.549191974"
"311","softonic.com","6017089","190091624.09945932"
"312","abc.net.au","6010121","40585638.8085158"
"313","justwatch.com","6008063","70557820.97198102"
"314","accuweather.com","5993708","1027967871.5050126"
"315","answers.com","5986465","26371683.644629106"
"316","prnewswire.com","5969290","36150158.34918906"
"317","countryliving.com","5956791","263866408.301494"
"318","umich.edu","5941022","58326808.12222236"
"319","nasa.gov","5924957","177797192.32276937"
"320","jiosaavn.com","5922735","125161115.85160066"
"321","medscape.com","5913844","95893356.21934292"
"322","loc.gov","5905793","108976116.26250982"
"323","semanticscholar.org","5901528","12793565.383998148"
"324","newsweek.com","5856940","39469637.34812693"
"325","tistory.com","5850235","55309514.36819389"
"326","elespanol.com","5824790","52723814.63911957"
"327","google.com.ua","5778652","30494953.083683107"
"328","hubspot.com","5771743","206392621.54507437"
"329","detik.com","5761783","447218994.4015358"
"330","hinative.com","5753463","31461581.826167822"
"331","express.co.uk","5752142","39516381.92456524"
"332","marriott.com","5730720","205442897.4605114"
"333","livemint.com","5721272","368912350.41795635"
"334","wa.gov","5721042","60067838.8937492"
"335","patch.com","5700115","22213747.845748562"
"336","polygon.com","5670759","47370113.18789789"
"337","standard.co.uk","5660357","61384053.14144499"
"338","makemytrip.com","5650597","544096266.9564592"
"339","uptodown.com","5642615","253931237.9464726"
"340","unsplash.com","5640296","489561221.0166479"
"341","betterhealth.vic.gov.au","5636786","149428334.36333686"
"342","yumpu.com","5606166","7744920.692351418"
"343","goal.com","5597936","295956901.04443276"
"344","encyclopedia.com","5594491","52747093.12580004"
"345","elmundo.es","5587440","203415581.7867069"
"346","nsw.gov.au","5583136","69221731.32087088"
"347","dnb.com","5578182","36038327.185671695"
"348","thespruce.com","5569182","177543681.9793188"
"349","airbnb.com","5568041","46830864.21958356"
"350","instructables.com","5562477","42750791.04600819"
"351","tomsguide.com","5541636","82414906.71202296"
"352","google.co.id","5541363","332218249.4004462"
"353","travelocity.com","5519708","144026686.97125208"
"354","southernliving.com","5516384","312595867.6993995"
"355","abplive.com","5511940","227349349.2820208"
"356","primevideo.com","5493548","132103074.79529664"
"357","prom.ua","5492037","37453070.912333034"
"358","techtarget.com","5490210","384286235.3036082"
"359","lemonde.fr","5485842","77372263.10114071"
"360","rd.com","5470417","127346997.392229"
"361","pngtree.com","5453234","68409957.14469086"
"362","tribunnews.com","5417318","135886672.31379363"
"363","movieweb.com","5391964","77251695.52477194"
"364","dw.com","5376497","34486038.68163158"
"365","foodnetwork.com","5370425","227761650.7506475"
"366","chron.com","5358898","47311829.34108136"
"367","pagesjaunes.fr","5353107","102483427.07612194"
"368","redfin.com","5347963","73286162.84228279"
"369","healthdirect.gov.au","5343304","128870458.46107861"
"370","tokopedia.com","5336586","334709183.9907023"
"371","kompas.com","5334956","251893094.1480565"
"372","metro.co.uk","5313167","40347448.40735406"
"373","mashable.com","5308952","61934883.12730037"
"374","birdeye.com","5296583","11424792.408636864"
"375","allevents.in","5294541","11017999.718971392"
"376","realsimple.com","5226156","136785838.26332855"
"377","pngwing.com","5221827","49196874.0070567"
"378","behance.net","5197359","26411879.131371927"
"379","ebay.de","5184395","51426973.910837054"
"380","radiotimes.com","5178690","82384569.11882862"
"381","deadline.com","5177899","51117785.193493746"
"382","letras.com","5165664","69133624.53594142"
"383","dexerto.com","5134219","60196390.66910673"
"384","gamesradar.com","5126646","50989031.95175982"
"385","rateyourmusic.com","5118045","22654255.88902922"
"386","harpersbazaar.com","5085131","95927778.96422867"
"387","brainly.com","5071205","16406234.072680147"
"388","doordash.com","5069136","1046897314.354141"
"389","alberta.ca","5067194","59365158.5422622"
"390","educalingo.com","5054524","16208926.513554972"
"391","foxnews.com","5036366","269416200.32447064"
"392","mountsinai.org","5034582","172688890.01792395"
"393","refinery29.com","5015406","24117859.861055344"
"394","houzz.com","5006193","57474372.4862743"
"395","goo.ne.jp","4992467","152694901.00749844"
"396","olx.ua","4990754","57041335.68892818"
"397","goodrx.com","4988379","89903457.64098959"
"398","weather.com","4985191","1557102004.0826159"
"399","dzen.ru","4983562","9089184.414663017"
"400","health.com","4976068","105508716.369252"
"401","google.fr","4974340","158019185.81451923"
"402","nationalgeographic.com","4970253","182599223.46363777"
"403","namu.wiki","4967398","261597629.29124397"
"404","shazam.com","4947540","22697047.081569247"
"405","eventbrite.com","4938569","35051357.454371385"
"406","drugs.com","4925488","139065761.5754979"
"407","hm.com","4918669","129926499.32589123"
"408","nps.gov","4903987","218896906.5769458"
"409","digitalspy.com","4898970","63430792.009493716"
"410","aljazeera.com","4880948","178346818.9574175"
"411","the-sun.com","4873688","47350609.63769422"
"412","cbssports.com","4870714","660740639.782771"
"413","google.co.jp","4861724","106327612.83431569"
"414","psu.edu","4850604","48411896.850382514"
"415","livejournal.com","4849996","10003052.471240511"
"416","state.gov","4840582","164043982.70434433"
"417","ranker.com","4827864","40317982.881122805"
"418","howstuffworks.com","4824806","92733788.0713019"
"419","macys.com","4805616","252575680.9388708"
"420","google.com.au","4803953","25086128.4912342"
"421","amazon.es","4803352","121883303.99400531"
"422","lemon8-app.com","4793086","21532393.18915449"
"423","thepioneerwoman.com","4792759","222712757.20448923"
"424","cookpad.com","4785829","208945839.03734908"
"425","rozetka.com.ua","4765198","75821890.47333555"
"426","wayfair.com","4760181","139997013.18808654"
"427","gutefrage.net","4760176","22414490.47067193"
"428","ibm.com","4754953","145013332.07432798"
"429","umn.edu","4753469","52491503.91118181"
"430","linguee.com","4753076","68188085.32617061"
"431","substack.com","4750130","17917286.8068792"
"432","unirioja.es","4746918","18820753.887321316"
"433","commonsensemedia.org","4738255","48703570.05932264"
"434","city-data.com","4737476","23421608.9260817"
"435","travelweekly.com","4725456","39680596.43035498"
"436","xbox.com","4723671","96543268.47659068"
"437","20minutos.es","4697057","63747463.52321231"
"438","jooble.org","4694801","20163449.804041777"
"439","euronews.com","4689495","45894865.87306265"
"440","zippia.com","4680503","25188209.07586509"
"441","tasteofhome.com","4679328","133077791.56088129"
"442","lww.com","4666201","20767759.17793508"
"443","a-z-animals.com","4650291","150853046.52953342"
"444","liputan6.com","4642639","194023901.1563553"
"445","columbia.edu","4637756","41596544.304175906"
"446","uptodate.com","4628658","66402750.87034457"
"447","newyorker.com","4625840","54400905.04217257"
"448","vice.com","4623415","22275276.18119833"
"449","abc.es","4619021","55567721.524427556"
"450","vk.com","4609396","21418646.69258055"
"451","pinterest.de","4607147","101856345.86319637"
"452","vectorstock.com","4600440","48670379.525629625"
"453","fnac.com","4599654","55293706.26066454"
"454","yandex.ru","4587985","19522555.80253566"
"455","sportingnews.com","4570017","105746889.98117554"
"456","scmp.com","4545377","32989323.911022156"
"457","bleacherreport.com","4540666","151290791.22948682"
"458","wordnik.com","4535342","126952556.32752766"
"459","amazon.it","4532306","192590262.433744"
"460","teacherspayteachers.com","4526380","22259653.194870427"
"461","ctvnews.ca","4524146","47651495.420123324"
"462","hinkhoj.com","4519742","309695511.3100859"
"463","restaurantji.com","4515732","12803698.868870618"
"464","javatpoint.com","4496846","138724531.34693143"
"465","rocketreach.co","4490309","12270530.959529538"
"466","nerdwallet.com","4488454","301998352.48586094"
"467","bbcgoodfood.com","4487476","199264577.75648665"
"468","masterclass.com","4479795","94802114.37974061"
"469","justia.com","4479420","33328004.116114557"
"470","bhg.com","4476199","120233659.96134779"
"471","investing.com","4470693","362423765.11841434"
"472","mozilla.org","4444198","116160759.7148195"
"473","made-in-china.com","4439888","11402713.737331795"
"474","vox.com","4430610","48886485.288043685"
"475","eater.com","4430591","164280080.23290357"
"476","shopify.com","4428317","159354111.53224784"
"477","mercadolivre.com.br","4411324","218409454.47302788"
"478","twitch.tv","4408416","109282478.3213516"
"479","core.ac.uk","4395923","9385580.4942142"
"480","asos.com","4394348","120604195.30378789"
"481","superpages.com","4391380","6642195.631157782"
"482","aarp.org","4390008","67628038.78492852"
"483","kohls.com","4386752","115217962.48907885"
"484","elconfidencial.com","4386344","42316560.50165951"
"485","shein.com","4359502","59666768.20217186"
"486","google.com.br","4357633","109684460.87327176"
"487","pexels.com","4353869","266355431.22447082"
"488","francetvinfo.fr","4346418","73383963.50743942"
"489","consumerreports.org","4342696","55816520.31858161"
"490","kumparan.com","4339165","130140970.77087584"
"491","letras.mus.br","4333524","97353255.90786953"
"492","grubhub.com","4332747","591666396.9002239"
"493","ieee.org","4311870","32426780.093388326"
"494","azlyrics.com","4302152","103660220.65981843"
"495","klook.com","4294104","66986148.742820986"
"496","note.com","4292888","42375312.76727044"
"497","boomplay.com","4292411","22789411.373019822"
"498","history.com","4289787","146409652.43675977"
"499","si.edu","4282892","103863207.98248664"
"500","filmaffinity.com","4280585","82299501.45243654"
"501","nymag.com","4277627","69329666.06465366"
"502","definitions.net","4274494","28616311.178827107"
"503","lyricstranslate.com","4273008","14735549.977324441"
"504","bmj.com","4268478","30510125.935852446"
"505","viator.com","4251337","42450277.61980449"
"506","noaa.gov","4246425","131591248.12459764"
"507","fda.gov","4236292","64523032.097353674"
"508","virigada.shop","4235364","13860008.946865154"
"509","theatlantic.com","4224050","41495498.84293714"
"510","focus.de","4221502","46313336.2046492"
"511","foxsports.com","4210521","449694671.1240554"
"512","jagran.com","4210307","140502887.80677152"
"513","amazon.com.au","4206520","44677299.18120653"
"514","orbitz.com","4204057","56558088.17111497"
"515","vrbo.com","4203722","42528489.19241956"
"516","opentable.com","4197930","465574559.5593644"
"517","rogerebert.com","4183792","77086553.13037357"
"518","mubi.com","4175265","39501023.09081897"
"519","pinterest.fr","4159873","84876173.52062143"
"520","berkeley.edu","4153574","45414378.28112506"
"521","bustle.com","4148594","17328757.362064682"
"522","washington.edu","4146894","35663888.73976515"
"523","timeanddate.com","4141243","798075898.0710956"
"524","musixmatch.com","4133481","13810622.061661495"
"525","trulia.com","4132782","171373170.79551047"
"526","bartleby.com","4132672","11855906.31452268"
"527","fresherslive.com","4130996","33063478.692737862"
"528","kroger.com","4126613","74357300.52328609"
"529","eonline.com","4121891","47973835.38304065"
"530","giphy.com","4119398","75183471.77903257"
"531","nordstrom.com","4113151","293124219.8208245"
"532","sofascore.com","4110763","305586952.8824308"
"533","psychologytoday.com","4107386","53434290.261610225"
"534","theathletic.com","4103232","250389569.5169993"
"535","planetofhotels.com","4096901","12751874.093708063"
"536","thespruceeats.com","4094349","79310276.49252498"
"537","casetext.com","4093489","10092345.014231378"
"538","ufl.edu","4086775","45639026.862791024"
"539","food.com","4086036","61816458.93504062"
"540","manta.com","4079063","6430117.353702713"
"541","apartments.com","4076963","199452481.85698235"
"542","epa.gov","4075703","78886282.91031718"
"543","ferdaliko.com","4068936","2909634.5828837603"
"544","theknot.com","4065545","98008795.28671408"
"545","healthgrades.com","4063945","41949108.755360946"
"546","prevention.com","4063901","86024223.71594971"
"547","apa.org","4060789","55245345.54061119"
"548","rochester.edu","4049313","58375688.85545513"
"549","oed.com","4029424","46571693.810879834"
"550","superuser.com","4023736","25352329.539684776"
"551","playstation.com","4016773","130704501.94483995"
"552","smh.com.au","4015879","26251768.41618353"
"553","lawinsider.com","4014552","31433051.368462615"
"554","wanderlog.com","4006928","35993156.5451373"
"555","elcomercio.pe","3998992","85934058.9114929"
"556","france24.com","3990528","31836577.576599576"
"557","ancestry.com","3990092","91402863.49745288"
"558","mercadolibre.com.mx","3985432","162818732.49865055"
"559","simplyhired.com","3984136","22256675.014113076"
"560","tutorialspoint.com","3983990","59341647.578960285"
"561","leparisien.fr","3981129","40696572.78431547"
"562","menupix.com","3978012","13893053.920744255"
"563","delish.com","3976534","230007584.76062626"
"564","amazon.com.br","3975868","138994505.88558474"
"565","letterboxd.com","3967667","30607341.76338777"
"566","ultimate-guitar.com","3966030","42262767.71307208"
"567","oracle.com","3963265","63033852.16446305"
"568","larousse.fr","3956078","257341648.61382046"
"569","kiddle.co","3955915","17488810.770700514"
"570","rakuten.com","3955002","28337898.276445124"
"571","almaany.com","3949452","62880293.16048714"
"572","skysports.com","3946945","365707310.38596535"
"573","mercari.com","3938030","46676256.43738221"
"574","nike.com","3933328","323587395.6452177"
"575","alltrails.com","3932980","54366196.06863486"
"576","magazineluiza.com.br","3909075","236687376.14105177"
"577","travelandleisure.com","3907418","102974394.29396129"
"578","vymaps.com","3906919","7826342.851742571"
"579","vintageisthenewold.com","3902497","13012709.148813648"
"580","momjunction.com","3894363","51508439.8306204"
"581","aol.com","3890892","80973719.79481736"
"582","tureng.com","3880343","68566914.92360239"
"583","globalnews.ca","3879362","50002390.29720168"
"584","mynavi.jp","3878621","109967668.81454027"
"585","ebay.com.au","3864476","17404680.706281565"
"586","moneycontrol.com","3860260","1190248652.23828"
"587","jamanetwork.com","3860092","19828063.764207516"
"588","google.it","3851336","79076358.07215273"
"589","cntraveler.com","3847689","106516042.18390141"
"590","wisc.edu","3847527","47165050.19915045"
"591","lumenlearning.com","3846555","41516173.96135074"
"592","glamour.com","3845390","74051070.6649721"
"593","fondiko.com","3843380","4656873.256761171"
"594","va.gov","3836915","54762267.172632866"
"595","allmusic.com","3835332","36815371.77415856"
"596","rae.es","3833674","472627355.864912"
"597","sky.com","3828854","91508288.35833977"
"598","shopee.co.id","3827930","187329160.97052404"
"599","livescience.com","3825476","54230903.04081111"
"600","zdnet.com","3821099","72213042.03204083"
"601","com.be","3817720","18914383.337828014"
"602","mojim.com","3815424","32420724.178092267"
"603","capcut.com","3808564","24232451.276565805"
"604","tr-ex.me","3790328","34058602.919139154"
"605","everand.com","3786963","8029512.056672823"
"606","songtell.com","3781819","9400744.18130517"
"607","caranddriver.com","3781807","115625724.54100984"
"608","timesnownews.com","3777291","192565937.35841584"
"609","amarujala.com","3770326","201575813.89257783"
"610","poshmark.com","3769772","26665026.045599625"
"611","comicbook.com","3769163","13128561.22271905"
"612","lyrics.com","3769134","41660720.87435744"
"613","arxiv.org","3768383","21968052.44911307"
"614","hamariweb.com","3763149","125190477.98599052"
"615","indigo.ca","3761109","19122107.033621892"
"616","wise.com","3755771","525445494.70030934"
"617","nyc.gov","3753677","97570465.4230251"
"618","byrdie.com","3731388","108966705.7420249"
"619","fc2.com","3728468","31293477.258660562"
"620","roku.com","3727433","43596715.300775155"
"621","vogue.com","3725901","56453393.54234822"
"622","johnlewis.com","3722146","63958625.475484855"
"623","nina.az","3720004","8620874.415393759"
"624","pxfuel.com","3717766","39129869.99439791"
"625","marketwatch.com","3708160","593635132.7264531"
"626","cdiscount.com","3700021","47502978.55668202"
"627","wondershare.com","3699590","39357072.598468445"
"628","virginia.gov","3688251","46244931.357455924"
"629","lonelyplanet.com","3687459","72397266.08481567"
"630","smithsonianmag.com","3681544","52289262.91182871"
"631","nikkei.com","3681221","109745193.13496901"
"632","loopnet.com","3680072","17794687.838279933"
"633","hayalis.com","3669154","2091121.539556373"
"634","bol.com","3667237","61621614.19721359"
"635","news-medical.net","3664162","35600156.46671874"
"636","mass.gov","3663429","38311883.84397967"
"637","upenn.edu","3657298","29955734.42839288"
"638","eatingwell.com","3647762","113674747.82380405"
"639","ed.gov","3645931","41425074.795432925"
"640","yale.edu","3635255","26861218.619160146"
"641","alamy.es","3629874","12289490.846358249"
"642","nme.com","3628698","26072889.742141478"
"643","pinterest.co.uk","3621248","134060468.37941241"
"644","udemy.com","3612983","36802116.396032624"
"645","mercadolibre.com.ar","3594419","124809280.42905568"
"646","howtopronounce.com","3589411","21595696.32646897"
"647","yelp.ca","3584834","86964088.331465"
"648","purdue.edu","3581213","91198358.20319021"
"649","livestrong.com","3572995","23903316.253674302"
"650","marthastewart.com","3564171","67271629.07415572"
"651","brainly.lat","3555537","21673188.30573363"
"652","unam.mx","3544139","49636581.758923575"
"653","uklima.info","3533956","13784825.994569557"
"654","bilibili.tv","3529877","33256503.989481814"
"655","fortune.com","3528584","43472418.520218536"
"656","legacy.com","3516307","63988051.25591074"
"657","xworldse.online","3511554","6571459.100584745"
"658","tripadvisor.ca","3506089","239998404.35406342"
"659","kaiserpermanente.org","3503573","38788863.66343252"
"660","usmagazine.com","3497053","75569339.85010143"
"661","lanacion.com.ar","3485724","79359491.26466589"
"662","terra.com.br","3481721","138859705.5849138"
"663","foodandwine.com","3474542","124551285.45403932"
"664","howtogeek.com","3468605","39568453.09126693"
"665","stylecraze.com","3468512","45556608.978306584"
"666","corriere.it","3467876","119765851.17329018"
"667","oxfordreference.com","3466910","26866799.800790723"
"668","spanishdict.com","3456505","227280619.46404892"
"669","unacademy.com","3451436","139547326.67255792"
"670","angi.com","3449508","91154168.20091482"
"671","google.co.kr","3449029","14575834.352006769"
"672","theculturetrip.com","3445374","32041311.517682992"
"673","distractify.com","3437143","23767425.2139239"
"674","pennmedicine.org","3436893","129545336.60847338"
"675","zendesk.com","3429237","38592183.95381563"
"676","jagranjosh.com","3414855","147703739.51434305"
"677","famousbirthdays.com","3407702","45595369.23868561"
"678","michigan.gov","3404508","37055241.55875221"
"679","androidauthority.com","3399456","45853695.940214634"
"680","gaana.com","3397415","78742210.48715015"
"681","nhsinform.scot","3397087","108433130.94039544"
"682","nj.gov","3395607","37050536.107349545"
"683","mercadolibre.com.co","3389165","54471607.84065754"
"684","verywellmind.com","3386204","118706788.26084591"
"685","20minutes.fr","3383324","59385444.78214251"
"686","hatenablog.com","3379206","22154196.344604205"
"687","acs.org","3379202","31664215.350398988"
"688","clarin.com","3371723","54453811.27937582"
"689","eurogamer.net","3368659","23105076.706161216"
"690","google.es","3368366","137644449.50325075"
"691","fodors.com","3360319","24060904.668644015"
"692","pngegg.com","3351203","15707757.313267939"
"693","plos.org","3347484","9533371.512218129"
"694","artstation.com","3345473","14897803.639266757"
"695","thekitchn.com","3335553","62439827.64384306"
"696","cylex-uk.co.uk","3333407","18456087.698626615"
"697","chordify.net","3325742","6230889.351233449"
"698","pressbooks.pub","3321695","27011737.08028"
"699","scielo.br","3317750","19648626.31476704"
"700","babycenter.com","3309526","40992332.7088256"
"701","powerthesaurus.org","3308902","20309360.316990674"
"702","dribbble.com","3307402","20744211.058718633"
"703","uchicago.edu","3305992","21348464.801359814"
"704","hp.com","3305375","63801056.06530248"
"705","stern.de","3305227","44879794.9093116"
"706","lovetoknow.com","3304452","46028416.21167977"
"707","docomo.ne.jp","3303595","81941181.92386663"
"708","w3schools.com","3298462","159402959.78753662"
"709","aaa.com","3295124","81154940.36213636"
"710","business-standard.com","3294596","85970819.78336315"
"711","cancer.gov","3292399","100141616.77123268"
"712","thetimes.co.uk","3291726","35904167.602390796"
"713","freecodecamp.org","3291364","50866532.57015391"
"714","cvs.com","3290542","210786866.97952244"
"715","vanityfair.com","3289076","35020628.0839348"
"716","plex.tv","3287792","26028637.2424695"
"717","bfmtv.com","3280814","43884547.92820109"
"718","roadtrippers.com","3279697","16017907.482384227"
"719","songfacts.com","3279693","29608872.175262652"
"720","openedition.org","3279691","14282384.556877632"
"721","livehindustan.com","3277942","147967001.38550583"
"722","tripadvisor.fr","3273188","156490297.495534"
"723","gulanir.info","3272960","19388003.150831163"
"724","mappy.com","3267920","37385377.21521306"
"725","archiveofourown.org","3265955","22163873.646942783"
"726","ea.com","3264864","70669100.2163739"
"727","slate.com","3259060","21560366.574953333"
"728","pa.gov","3258067","42192452.48363665"
"729","zara.com","3251784","86437058.72676986"
"730","ebay.fr","3246840","14049398.174981963"
"731","nasdaq.com","3241186","158814064.12550583"
"732","aajtak.in","3239923","226248839.6163153"
"733","looper.com","3239065","23964396.822010152"
"734","decider.com","3237726","20224715.224629723"
"735","gq.com","3230840","40520650.93768761"
"736","scientificamerican.com","3228736","30746099.239341885"
"737","worldbank.org","3221832","45106663.11017223"
"738","ct.gov","3214300","30710216.024486076"
"739","pixnet.net","3212940","25886451.247017477"
"740","wynk.in","3210714","96014822.74317853"
"741","osu.edu","3207567","30576656.89236475"
"742","ingles.com","3206011","195437697.37531"
"743","priceline.com","3197902","50339268.54782404"
"744","hbr.org","3196450","54730933.3352211"
"745","walmart.ca","3195829","45658309.137656525"
"746","ucdavis.edu","3186473","35508577.446944535"
"747","seriouseats.com","3186125","58187496.66051528"
"748","cars.com","3179457","118778138.5105216"
"749","wionews.com","3179223","52771357.15190098"
"750","news.com.au","3177795","23291225.50991886"
"751","utah.edu","3177126","29774620.962091003"
"752","justice.gov","3173184","38522646.26893853"
"753","untappd.com","3172065","11692161.997773424"
"754","walgreens.com","3167750","196670060.26665583"
"755","univision.com","3162834","18786677.440313086"
"756","yell.com","3151978","23070792.709491577"
"757","squarespace.com","3151493","17729757.13749913"
"758","hola.com","3140139","38727934.95879145"
"759","iheart.com","3136859","30113567.969895072"
"760","oldtimemusic.com","3135138","7123160.531857194"
"761","irs.gov","3134696","173114902.65249312"
"762","arcgis.com","3130511","30172918.960863665"
"763","msu.edu","3129646","31941130.87952639"
"764","actu.fr","3128359","30157600.13569685"
"765","uzaklasi.com","3122244","4190721.472112648"
"766","youm7.com","3120170","80227936.30754122"
"767","self.com","3117813","29248478.046795055"
"768","yekdrina.com","3117809","5704746.766408604"
"769","ox.ac.uk","3114226","21677341.963512637"
"770","in.gov","3114112","38922043.924724035"
"771","aafp.org","3110618","37821620.82481553"
"772","tripsavvy.com","3107222","38096379.43273221"
"773","newsbreak.com","3101493","18917832.71223905"
"774","ulkecesek.online","3096379","5588989.288198402"
"775","eltiempo.com","3096008","56761310.25014268"
"776","zeebiz.com","3089783","107763427.6306544"
"777","chip.de","3082061","70733628.29313666"
"778","navitime.co.jp","3077725","78085354.36593372"
"779","redalyc.org","3075847","10947697.491625024"
"780","prtimes.jp","3075212","46754014.501893595"
"781","olympics.com","3065825","105799625.16426136"
"782","hlelrse.com","3063532","5377519.671808155"
"783","bizjournals.com","3060653","10801672.355658598"
"784","mo.gov","3059822","44279848.07527599"
"785","yardbarker.com","3059101","39375072.506899774"
"786","voanews.com","3058282","24178512.762961924"
"787","mumsnet.com","3055530","10359393.635721352"
"788","edmunds.com","3054801","92736220.92134932"
"789","allure.com","3054242","166995089.327029"
"790","pixiv.net","3053195","179245301.10010776"
"791","abril.com.br","3050087","44016459.401779324"
"792","outlookindia.com","3049944","67239635.7468059"
"793","blibli.com","3047936","123560620.44429459"
"794","aa.com.tr","3046257","27238012.714876894"
"795","spiegel.de","3041107","66129184.16990693"
"796","zmenu.com","3040042","8228055.754563933"
"797","pikiran-rakyat.com","3039278","37501734.93556087"
"798","findlaw.com","3037171","33891149.43653244"
"799","cinemablend.com","3035500","16118630.363522567"
"800","unc.edu","3031216","34022501.012612954"
"801","idealo.de","3030812","42601808.95141764"
"802","usgs.gov","3029903","66560555.268915914"
"803","weather.gov","3028850","307755919.5764572"
"804","housebeautiful.com","3025711","105140484.01145364"
"805","patient.info","3021524","24248981.46507939"
"806","etonline.com","3020887","29665135.88959427"
"807","apkcombo.com","3019793","33371109.27084904"
"808","prottelerese.com","3015779","17198445.14640747"
"809","tripadvisor.co","3014618","23445533.064118333"
"810","purewow.com","3013550","41410960.87000711"
"811","trivago.com","3010601","78240877.93903816"
"812","thriftbooks.com","3008106","22286958.281662643"
"813","fool.com","3006081","59355183.52105134"
"814","motortrend.com","3000698","34330787.60053498"
"815","bonappetit.com","2988255","71531722.49988773"
"816","architecturaldigest.com","2986019","63047884.820193514"
"817","fiverr.com","2983206","41083980.36405866"
"818","etymonline.com","2983070","14836382.610387295"
"819","hgtv.com","2982928","80651301.50557765"
"820","retwyia.com","2976123","5147466.242938779"
"821","songmeanings.com","2972659","25976626.44793669"
"822","oprahdaily.com","2967055","62273762.36621686"
"823","verywellfit.com","2962981","79080714.00605518"
"824","utexas.edu","2960020","34187653.90494215"
"825","tripadvisor.de","2953954","91877202.04962707"
"826","welt.de","2950394","23745146.45974948"
"827","coursera.org","2944810","98199215.85549223"
"828","chicagotribune.com","2943080","16652566.438150505"
"829","army.mil","2939420","49788302.31690689"
"830","okdiario.com","2938148","24857459.9358661"
"831","t-online.de","2934652","63149834.53052713"
"832","samsclub.com","2934063","84543984.94826998"
"833","allocine.fr","2933055","163740037.32086292"
"834","usembassy.gov","2932958","47383834.20315975"
"835","lovethemaldives.com","2932884","6163203.786029266"
"836","t.me","2925082","40713143.79339998"
"837","pitchbook.com","2922339","19884982.345812246"
"838","tvinsider.com","2922222","60772066.21353234"
"839","farfetch.com","2921519","55552052.4348506"
"840","nhk.or.jp","2916268","132769581.33096145"
"841","www.gob.mx","2915571","118384331.04382993"
"842","grid.id","2912458","43311981.816609465"
"843","complex.com","2912066","19685299.41953896"
"844","bukalapak.com","2911930","41969257.66014331"
"845","pcgamer.com","2903523","27218272.77966413"
"846","unesco.org","2903221","63020538.354830295"
"847","teenvogue.com","2899992","48900219.72881268"
"848","cheatsheet.com","2899454","11679771.795351025"
"849","peakpx.com","2894234","73889917.8956739"
"850","thrillist.com","2891859","31202431.223187365"
"851","bu.edu","2890790","26978133.966966353"
"852","top-rated.online","2889245","4371566.721508233"
"853","ohio.gov","2882899","30956682.717100676"
"854","sueddeutsche.de","2878161","30568459.065846026"
"855","smule.com","2876832","27610190.79306312"
"856","merckmanuals.com","2867844","39693112.978742376"
"857","cedars-sinai.org","2865089","56371106.1643962"
"858","picuki.com","2863239","11563463.22655625"
"859","kwai.com","2863074","14793887.086620534"
"860","argos.co.uk","2862890","76075702.38694176"
"861","findmeglutenfree.com","2861451","19617945.902910367"
"862","dot.gov","2859422","34340090.57724428"
"863","verizon.com","2857936","107024932.58850192"
"864","daum.net","2855573","19836903.22535249"
"865","aptoide.com","2855192","47027707.17606935"
"866","popularmechanics.com","2852394","24785850.564534746"
"867","illinois.edu","2852068","23632191.906167082"
"868","ucla.edu","2851708","28022835.426314075"
"869","wikimapia.org","2847416","6617288.400520176"
"870","pinterest.com.mx","2847205","139448187.47997135"
"871","instyle.com","2843660","55015770.9749011"
"872","ingelakus.cfd","2841015","2944569.03578547"
"873","homes.com","2838909","73152053.17639272"
"874","urdupoint.com","2836611","74190463.8625879"
"875","otto.de","2833526","45834875.20476473"
"876","ampsycinuity.com","2828592","16489088.502465824"
"877","linguee.fr","2827960","104997474.280558"
"878","lazada.co.id","2824824","81737943.00717345"
"879","bankrate.com","2821038","192506408.7119159"
"880","translated.net","2819062","33889210.626932494"
"881","churchofjesuschrist.org","2818790","57155035.811642505"
"882","hilton.com","2814795","175727340.6763767"
"883","thewrap.com","2814225","21123513.195291564"
"884","loc8nearme.com","2810296","5112113.209682563"
"885","elsevier.es","2810218","31088156.56466528"
"886","marketscreener.com","2804047","36072987.95845314"
"887","bringfido.com","2802795","19620260.907240838"
"888","buzzfile.com","2802534","3225217.968392795"
"889","kbb.com","2799140","101275015.10427862"
"890","pinterest.jp","2796824","78379987.94351138"
"891","seattletimes.com","2795564","23014796.2461192"
"892","pharmeasy.in","2795561","106105392.04585229"
"893","francebleu.fr","2795516","23829371.672520336"
"894","shiksha.com","2794857","138951793.85835716"
"895","peelectripede.com","2793723","12208173.3698206"
"896","hrs.com","2788435","11877446.362656001"
"897","libguides.com","2785232","38482648.60931847"
"898","townandcountrymag.com","2784587","59192693.15449083"
"899","meesho.com","2784067","86968540.6449086"
"900","bobvila.com","2778555","36507431.37431394"
"901","grammarly.com","2777701","194367574.48763898"
"902","cnnindonesia.com","2772671","141247201.0658149"
"903","doubtnut.com","2769086","21873496.748375516"
"904","sandiegouniontribune.com","2768802","14598250.392488172"
"905","fineartamerica.com","2765941","14064611.305591758"
"906","hindawi.com","2765589","8840998.480701264"
"907","womansday.com","2765487","114699208.5527871"
"908","oregon.gov","2762304","22009145.451117314"
"909","gramedia.com","2762017","116701906.65492004"
"910","audible.com","2759083","17328437.455414087"
"911","tubitv.com","2758616","41354021.101750106"
"912","deepl.com","2758346","1443600731.564938"
"913","allegro.pl","2757294","112513966.0265711"
"914","state.mn.us","2756708","33215746.28730186"
"915","argentina.gob.ar","2752269","79667120.18119788"
"916","wordwall.net","2751133","18738151.12959353"
"917","faz.net","2746082","31603892.975385975"
"918","pinkvilla.com","2744218","34290717.776656926"
"919","instacart.com","2741904","52280582.30828733"
"920","omnicalculator.com","2737955","165556807.70736566"
"921","meinestadt.de","2736608","14615400.512299504"
"922","zazzle.com","2734279","15095980.473064905"
"923","hypebeast.com","2733223","14377143.613890443"
"924","autoblog.com","2733036","31876064.371400543"
"925","dell.com","2732260","41116078.96049167"
"926","axios.com","2728561","25008082.659174576"
"927","reasseruptizee.com","2723661","11696175.59887847"
"928","maryland.gov","2720907","30572095.52603927"
"929","amazon.com.mx","2716880","82380430.75903037"
"930","dbpedia.org","2714044","17990419.67247942"
"931","familyhandyman.com","2707469","43302502.7296204"
"932","glamourmagazine.co.uk","2705843","33862982.6863817"
"933","kompass.com","2704202","8737689.811543534"
"934","my-best.com","2697376","107679255.94027765"
"935","denofgeek.com","2696255","16134150.97881652"
"936","rtve.es","2689313","34704448.6286297"
"937","prokerala.com","2688778","82757304.714815"
"938","techcrunch.com","2688487","28372216.93807242"
"939","eurosport.com","2688421","63772802.058998734"
"940","jdpower.com","2687521","38410703.74615665"
"941","journaldesfemmes.fr","2686379","74482877.21706481"
"942","epicgames.com","2678440","64492891.31815372"
"943","weblio.jp","2677069","226170024.08967966"
"944","malinasi.com","2675456","4930310.682876766"
"945","sominasi.com","2671963","5694380.2963994425"
"946","google.com.mx","2671396","89692655.46412852"
"947","dickssportinggoods.com","2670073","93740453.64921843"
"948","eroptitalia.com","2666153","14207093.467284046"
"949","familysearch.org","2664768","25401289.729632176"
"950","metafilter.com","2662253","8391178.441278767"
"951","carfax.com","2657527","93247444.55408356"
"952","lyst.com","2653490","36121134.07701795"
"953","tedirlke.com","2651727","4830476.091500694"
"954","beebom.com","2648989","28863253.51378752"
"955","theglobeandmail.com","2647208","29870101.481453042"
"956","indiatvnews.com","2642008","129365955.11173113"
"957","seamless.com","2639286","29366057.157825764"
"958","merdeka.com","2629839","57575002.92579179"
"959","traveloka.com","2629717","74843377.50821182"
"960","ncsu.edu","2628650","47540920.58136826"
"961","kakaku.com","2627371","101419696.44962838"
"962","tripadvisor.in","2626960","431124867.29767346"
"963","ucsd.edu","2625495","19823600.86403629"
"964","lastminute.com","2625377","44117636.38297799"
"965","algopix.com","2622118","5159304.322057961"
"966","talent.com","2621998","14138088.982523307"
"967","scielo.org.mx","2621521","14775035.391618239"
"968","synonym.com","2619818","15571051.827729557"
"969","cylex.de","2618943","6124817.34265724"
"970","epicentrk.ua","2616549","27244799.095975325"
"971","worldatlas.com","2614202","41896772.59761095"
"972","americanas.com.br","2612832","106039552.93915398"
"973","illinois.gov","2610601","37853119.919535905"
"974","udn.com","2610563","31370846.507149663"
"975","ertwas.com","2608476","3273922.6889791265"
"976","newegg.com","2608158","19402714.628333975"
"977","asahi.com","2604553","66134225.95832439"
"978","indiewire.com","2604426","20306576.71273531"
"979","tesco.com","2602047","84867711.38616858"
"980","yellowpages.ca","2601576","31527030.2770653"
"981","signalhire.com","2601274","6151187.997629862"
"982","redbull.com","2600694","20008146.1249844"
"983","tabelog.com","2599926","244593038.8893036"
"984","ahsetim.com","2599522","2088179.117402766"
"985","free.fr","2598430","24406463.084989026"
"986","ihg.com","2596838","86827234.83470257"
"987","collegedunia.com","2595931","93186421.65578575"
"988","butabedno.wiki","2595441","11255922.873397628"
"989","momondo.com","2593510","31841985.427827034"
"990","jimdofree.com","2588167","14576230.169481456"
"991","spiceworks.com","2586791","20110982.42303422"
"992","hawaii.edu","2586093","21243123.169322915"
"993","monsfld.com","2585993","3114250.9129835796"
"994","thesaurus.plus","2584714","8931256.892519867"
"995","simplilearn.com","2584235","66648341.56563878"
"996","monumbarch.com","2583359","7046159.130743755"
"997","wordsense.eu","2581698","22478611.225248724"
"998","pitchhikersrl.com","2571063","12750421.191882921"
"999","toasttab.com","2570550","27112663.704982117"
"1000","bigl.ua","2570061","3423290.7128894646"